Pupil 1;m;145
Pupil 2;m;164
Pupil 3;m;183
Pupil 4;f;130
Pupil 5;f;143
Pupil 6;m;183
Pupil 7;m;144
Pupil 8;m;143
Pupil 9;m;133
Pupil 10;m;190
Pupil 11;f;125
Pupil 12;f;121
Pupil 13;m;150
Pupil 14;m;141
Pupil 15;f;134
Pupil 16;m;131
Pupil 17;f;173
Pupil 18;f;154
Pupil 19;m;163
Pupil 20;f;158
Pupil 21;f;135
Pupil 22;m;150
Pupil 23;m;141
Pupil 24;f;130
Pupil 25;m;146
Pupil 26;f;126
Pupil 27;f;153
Pupil 28;f;166
Pupil 29;m;132
Pupil 30;f;156
Pupil 31;m;165
Pupil 32;m;139
Pupil 33;f;140
Pupil 34;f;179
Pupil 35;f;142
Pupil 36;m;158
Pupil 37;m;163
Pupil 38;f;176
Pupil 39;m;172
Pupil 40;m;149
Pupil 41;f;170
Pupil 42;f;120
Pupil 43;f;147
Pupil 44;m;167
Pupil 45;m;137
Pupil 46;f;149
Pupil 47;m;183
Pupil 48;f;136
Pupil 49;m;164
Pupil 50;m;182
Pupil 51;f;166
Pupil 52;m;166
Pupil 53;f;150
Pupil 54;f;169
Pupil 55;m;151
Pupil 56;f;145
Pupil 57;f;131
Pupil 58;m;153
Pupil 59;f;163
Pupil 60;m;183
Pupil 61;f;175
Pupil 62;m;152
Pupil 63;f;147
Pupil 64;m;151
Pupil 65;m;166
Pupil 66;m;171
Pupil 67;f;176
Pupil 68;m;152
Pupil 69;m;166
Pupil 70;f;125
Pupil 71;m;171
Pupil 72;m;147
Pupil 73;m;130
Pupil 74;f;135
Pupil 75;m;139
Pupil 76;f;171
Pupil 77;f;123
Pupil 78;m;163
Pupil 79;f;138
Pupil 80;m;168
Pupil 81;m;166
Pupil 82;m;167
Pupil 83;f;153
Pupil 84;f;151
Pupil 85;f;148
Pupil 86;m;176
Pupil 87;m;166
Pupil 88;f;146
Pupil 89;m;136
Pupil 90;m;137
Pupil 91;m;164
Pupil 92;m;146
Pupil 93;f;136
Pupil 94;m;149
Pupil 95;m;185
Pupil 96;f;122
Pupil 97;f;163
Pupil 98;m;158
Pupil 99;m;140
Pupil 100;f;178
Pupil 101;f;167
Pupil 102;m;178
Pupil 103;m;164
Pupil 104;f;158
Pupil 105;m;172
Pupil 106;m;136
Pupil 107;f;159
Pupil 108;f;135
Pupil 109;m;145
Pupil 110;m;166
Pupil 111;m;133
Pupil 112;f;176
Pupil 113;m;175
Pupil 114;m;130
Pupil 115;f;141
Pupil 116;m;172
Pupil 117;m;157
Pupil 118;f;136
Pupil 119;m;170
Pupil 120;m;186
Pupil 121;m;150
Pupil 122;f;174
Pupil 123;m;159
Pupil 124;m;143
Pupil 125;f;121
Pupil 126;f;120
Pupil 127;f;153
Pupil 128;f;167
Pupil 129;f;142
Pupil 130;m;157
Pupil 131;m;143
Pupil 132;m;147
Pupil 133;m;141
Pupil 134;m;155
Pupil 135;m;171
Pupil 136;f;155
Pupil 137;m;140
Pupil 138;m;154
Pupil 139;m;170
Pupil 140;m;182
Pupil 141;f;136
Pupil 142;m;145
Pupil 143;f;158
Pupil 144;m;153
Pupil 145;m;176
Pupil 146;f;124
Pupil 147;f;164
Pupil 148;m;157
Pupil 149;m;155
Pupil 150;f;129
Pupil 151;m;184
Pupil 152;m;156
Pupil 153;f;176
Pupil 154;m;148
Pupil 155;m;131
Pupil 156;f;177
Pupil 157;m;155
Pupil 158;f;123
Pupil 159;m;175
Pupil 160;f;122
Pupil 161;m;150
Pupil 162;f;166
Pupil 163;m;179
Pupil 164;f;149
Pupil 165;m;189
Pupil 166;f;120
Pupil 167;m;177
Pupil 168;m;145
Pupil 169;m;134
Pupil 170;f;155
Pupil 171;m;189
Pupil 172;f;124
Pupil 173;m;146
Pupil 174;m;139
Pupil 175;m;146
Pupil 176;f;176
Pupil 177;m;163
Pupil 178;m;182
Pupil 179;f;164
Pupil 180;m;166
Pupil 181;m;176
Pupil 182;f;179
Pupil 183;m;183
Pupil 184;m;165
Pupil 185;m;188
Pupil 186;m;157
Pupil 187;m;163
Pupil 188;m;158
Pupil 189;m;170
Pupil 190;f;135
Pupil 191;f;141
Pupil 192;m;183
Pupil 193;m;164
Pupil 194;m;149
Pupil 195;m;152
Pupil 196;m;135
Pupil 197;m;185
Pupil 198;m;166
Pupil 199;m;182
Pupil 200;f;146
Pupil 201;m;188
Pupil 202;m;171
Pupil 203;m;131
Pupil 204;m;184
Pupil 205;m;174
Pupil 206;f;156
Pupil 207;m;167
Pupil 208;m;189
Pupil 209;f;123
Pupil 210;f;170
Pupil 211;f;123
Pupil 212;m;141
Pupil 213;f;175
Pupil 214;f;150
Pupil 215;m;158
Pupil 216;f;143
Pupil 217;m;166
Pupil 218;m;137
Pupil 219;m;151
Pupil 220;m;170
Pupil 221;m;183
Pupil 222;m;140
Pupil 223;m;186
Pupil 224;m;187
Pupil 225;f;121
Pupil 226;m;151
Pupil 227;f;126
Pupil 228;m;170
Pupil 229;m;158
Pupil 230;m;158
Pupil 231;f;153
Pupil 232;m;179
Pupil 233;f;159
Pupil 234;m;167
Pupil 235;m;176
Pupil 236;m;183
Pupil 237;f;166
Pupil 238;m;167
Pupil 239;m;134
Pupil 240;f;174
Pupil 241;f;147
Pupil 242;f;139
Pupil 243;m;177
Pupil 244;f;137
Pupil 245;m;183
Pupil 246;m;165
Pupil 247;f;178
Pupil 248;m;156
Pupil 249;f;141
Pupil 250;f;178
Pupil 251;m;166
Pupil 252;f;145
Pupil 253;f;157
Pupil 254;f;132
Pupil 255;m;168
Pupil 256;m;140
Pupil 257;m;149
Pupil 258;m;158
Pupil 259;m;135
Pupil 260;m;131
Pupil 261;m;166
Pupil 262;f;129
Pupil 263;f;122
Pupil 264;m;172
Pupil 265;m;168
Pupil 266;f;131
Pupil 267;f;135
Pupil 268;m;188
Pupil 269;f;171
Pupil 270;m;142
Pupil 271;m;132
Pupil 272;m;174
Pupil 273;m;134
Pupil 274;m;143
Pupil 275;f;130
Pupil 276;m;174
Pupil 277;m;183
Pupil 278;m;171
Pupil 279;f;142
Pupil 280;m;187
Pupil 281;f;130
Pupil 282;m;175
Pupil 283;f;132
Pupil 284;m;182
Pupil 285;m;178
Pupil 286;f;179
Pupil 287;m;153
Pupil 288;f;176
Pupil 289;m;174
Pupil 290;m;149
Pupil 291;f;138
Pupil 292;f;165
Pupil 293;f;143
Pupil 294;m;152
Pupil 295;m;159
Pupil 296;m;138
Pupil 297;f;159
Pupil 298;m;177
Pupil 299;f;137
Pupil 300;f;173
Pupil 301;m;187
Pupil 302;m;147
Pupil 303;m;148
Pupil 304;f;157
Pupil 305;m;166
Pupil 306;f;143
Pupil 307;m;157
Pupil 308;m;143
Pupil 309;m;190
Pupil 310;m;168
Pupil 311;m;175
Pupil 312;m;150
Pupil 313;f;169
Pupil 314;m;182
Pupil 315;m;183
Pupil 316;m;144
Pupil 317;m;141
Pupil 318;m;169
Pupil 319;m;172
Pupil 320;m;149
Pupil 321;m;177
Pupil 322;m;159
Pupil 323;f;166
Pupil 324;m;158
Pupil 325;m;167
Pupil 326;m;159
Pupil 327;f;172
Pupil 328;f;169
Pupil 329;m;185
Pupil 330;m;166
Pupil 331;m;153
Pupil 332;f;119
Pupil 333;m;156
Pupil 334;f;171
Pupil 335;f;151
Pupil 336;m;168
Pupil 337;f;163
Pupil 338;f;156
Pupil 339;f;171
Pupil 340;m;176
Pupil 341;f;166
Pupil 342;m;146
Pupil 343;f;130
Pupil 344;f;121
Pupil 345;f;167
Pupil 346;m;135
Pupil 347;f;119
Pupil 348;m;146
Pupil 349;f;149
Pupil 350;m;150
Pupil 351;m;185
Pupil 352;m;172
Pupil 353;m;146
Pupil 354;f;140
Pupil 355;m;151
Pupil 356;f;163
Pupil 357;m;156
Pupil 358;m;145
Pupil 359;m;149
Pupil 360;m;136
Pupil 361;m;168
Pupil 362;f;176
Pupil 363;f;128
Pupil 364;f;133
Pupil 365;m;138
Pupil 366;f;174
Pupil 367;f;166
Pupil 368;m;137
Pupil 369;m;188
Pupil 370;f;174
Pupil 371;m;137
Pupil 372;m;158
Pupil 373;f;158
Pupil 374;f;139
Pupil 375;m;142
Pupil 376;f;124
Pupil 377;f;138
Pupil 378;m;156
Pupil 379;m;165
Pupil 380;m;148
Pupil 381;f;167
Pupil 382;f;133
Pupil 383;m;186
Pupil 384;f;174
Pupil 385;m;176
Pupil 386;m;151
Pupil 387;f;150
Pupil 388;f;146
Pupil 389;f;154
Pupil 390;m;184
Pupil 391;m;144
Pupil 392;m;185
Pupil 393;f;147
Pupil 394;m;154
Pupil 395;m;146
Pupil 396;f;134
Pupil 397;m;145
Pupil 398;m;171
Pupil 399;m;157
Pupil 400;m;164
Pupil 401;f;172
Pupil 402;f;144
Pupil 403;m;171
Pupil 404;m;150
Pupil 405;m;133
Pupil 406;f;163
Pupil 407;m;144
Pupil 408;m;190
Pupil 409;f;142
Pupil 410;f;170
Pupil 411;m;156
Pupil 412;m;186
Pupil 413;m;136
Pupil 414;m;135
Pupil 415;f;154
Pupil 416;f;153
Pupil 417;f;165
Pupil 418;f;132
Pupil 419;f;158
Pupil 420;f;142
Pupil 421;m;141
Pupil 422;m;184
Pupil 423;f;145
Pupil 424;m;176
Pupil 425;m;184
Pupil 426;f;143
Pupil 427;m;189
Pupil 428;f;146
Pupil 429;f;146
Pupil 430;f;153
Pupil 431;f;163
Pupil 432;m;183
Pupil 433;m;173
Pupil 434;m;177
Pupil 435;f;130
Pupil 436;f;147
Pupil 437;m;153
Pupil 438;m;175
Pupil 439;m;132
Pupil 440;m;153
Pupil 441;f;177
Pupil 442;m;176
Pupil 443;f;165
Pupil 444;m;179
Pupil 445;m;188
Pupil 446;m;156
Pupil 447;m;144
Pupil 448;m;165
Pupil 449;f;126
Pupil 450;m;166
Pupil 451;f;167
Pupil 452;m;179
Pupil 453;m;139
Pupil 454;f;129
Pupil 455;f;127
Pupil 456;f;158
Pupil 457;m;169
Pupil 458;m;132
Pupil 459;m;130
Pupil 460;f;121
Pupil 461;m;166
Pupil 462;m;147
Pupil 463;m;149
Pupil 464;f;128
Pupil 465;f;121
Pupil 466;f;124
Pupil 467;m;164
Pupil 468;m;139
Pupil 469;m;134
Pupil 470;m;150
Pupil 471;m;184
Pupil 472;f;163
Pupil 473;m;166
Pupil 474;m;153
Pupil 475;m;147
Pupil 476;f;150
Pupil 477;f;133
Pupil 478;f;178
Pupil 479;f;136
Pupil 480;m;148
Pupil 481;f;133
Pupil 482;m;179
Pupil 483;f;165
Pupil 484;m;151
Pupil 485;m;184
Pupil 486;m;164
Pupil 487;f;140
Pupil 488;m;155
Pupil 489;m;138
Pupil 490;f;139
Pupil 491;m;190
Pupil 492;f;178
Pupil 493;m;138
Pupil 494;f;166
Pupil 495;f;140
Pupil 496;m;155
Pupil 497;m;135
Pupil 498;f;128
Pupil 499;m;173
Pupil 500;m;157
Pupil 501;m;130
Pupil 502;f;121
Pupil 503;m;149
Pupil 504;m;186
Pupil 505;m;170
Pupil 506;m;132
Pupil 507;m;150
Pupil 508;m;134
Pupil 509;m;140
Pupil 510;m;173
Pupil 511;f;163
Pupil 512;f;128
Pupil 513;m;158
Pupil 514;m;154
Pupil 515;m;158
Pupil 516;m;135
Pupil 517;m;137
Pupil 518;f;147
Pupil 519;m;183
Pupil 520;f;171
Pupil 521;m;185
Pupil 522;m;134
Pupil 523;m;159
Pupil 524;m;133
Pupil 525;f;166
Pupil 526;m;165
Pupil 527;m;133
Pupil 528;m;131
Pupil 529;m;168
Pupil 530;f;138
Pupil 531;f;143
Pupil 532;m;167
Pupil 533;m;147
Pupil 534;m;155
Pupil 535;f;126
Pupil 536;m;158
Pupil 537;f;135
Pupil 538;m;146
Pupil 539;m;170
Pupil 540;m;137
Pupil 541;m;149
Pupil 542;f;155
Pupil 543;m;157
Pupil 544;m;166
Pupil 545;f;134
Pupil 546;f;133
Pupil 547;m;157
Pupil 548;m;145
Pupil 549;m;185
Pupil 550;f;119
Pupil 551;m;154
Pupil 552;f;167
Pupil 553;m;188
Pupil 554;m;184
Pupil 555;f;146
Pupil 556;m;190
Pupil 557;m;152
Pupil 558;m;158
Pupil 559;m;166
Pupil 560;f;126
Pupil 561;m;140
Pupil 562;m;138
Pupil 563;m;185
Pupil 564;f;124
Pupil 565;f;151
Pupil 566;f;128
Pupil 567;f;122
Pupil 568;m;163
Pupil 569;m;167
Pupil 570;m;159
Pupil 571;m;146
Pupil 572;m;152
Pupil 573;f;123
Pupil 574;f;147
Pupil 575;f;129
Pupil 576;f;158
Pupil 577;m;168
Pupil 578;m;172
Pupil 579;f;136
Pupil 580;f;136
Pupil 581;m;144
Pupil 582;f;154
Pupil 583;f;171
Pupil 584;f;166
Pupil 585;f;142
Pupil 586;f;136
Pupil 587;m;131
Pupil 588;m;152
Pupil 589;m;156
Pupil 590;m;136
Pupil 591;f;154
Pupil 592;m;171
Pupil 593;m;183
Pupil 594;f;174
Pupil 595;m;150
Pupil 596;f;169
Pupil 597;m;185
Pupil 598;m;144
Pupil 599;m;190
Pupil 600;m;150
Pupil 601;m;141
Pupil 602;f;167
Pupil 603;m;174
Pupil 604;f;153
Pupil 605;f;142
Pupil 606;m;171
Pupil 607;m;158
Pupil 608;f;145
Pupil 609;f;140
Pupil 610;f;158
Pupil 611;m;132
Pupil 612;f;156
Pupil 613;m;145
Pupil 614;f;146
Pupil 615;m;148
Pupil 616;m;166
Pupil 617;m;156
Pupil 618;m;144
Pupil 619;f;136
Pupil 620;f;157
Pupil 621;m;171
Pupil 622;m;149
Pupil 623;m;144
Pupil 624;m;165
Pupil 625;f;155
Pupil 626;m;146
Pupil 627;m;178
Pupil 628;m;142
Pupil 629;f;147
Pupil 630;f;132
Pupil 631;m;168
Pupil 632;f;131
Pupil 633;m;184
Pupil 634;m;163
Pupil 635;m;171
Pupil 636;m;141
Pupil 637;f;167
Pupil 638;m;140
Pupil 639;m;173
Pupil 640;f;139
Pupil 641;m;146
Pupil 642;f;137
Pupil 643;m;158
Pupil 644;m;177
Pupil 645;f;164
Pupil 646;m;178
Pupil 647;m;139
Pupil 648;m;172
Pupil 649;m;155
Pupil 650;m;166
Pupil 651;m;184
Pupil 652;f;137
Pupil 653;f;178
Pupil 654;m;189
Pupil 655;m;131
Pupil 656;f;158
Pupil 657;m;133
Pupil 658;m;188
Pupil 659;m;176
Pupil 660;f;156
Pupil 661;f;158
Pupil 662;f;135
Pupil 663;f;148
Pupil 664;m;184
Pupil 665;m;135
Pupil 666;f;139
Pupil 667;f;133
Pupil 668;m;146
Pupil 669;m;155
Pupil 670;m;133
Pupil 671;m;148
Pupil 672;m;136
Pupil 673;m;172
Pupil 674;m;178
Pupil 675;m;167
Pupil 676;m;134
Pupil 677;f;135
Pupil 678;f;164
Pupil 679;m;166
Pupil 680;f;143
Pupil 681;m;171
Pupil 682;m;158
Pupil 683;m;173
Pupil 684;m;132
Pupil 685;m;165
Pupil 686;f;142
Pupil 687;m;140
Pupil 688;m;132
Pupil 689;f;173
Pupil 690;f;136
Pupil 691;m;167
Pupil 692;m;131
Pupil 693;f;145
Pupil 694;m;157
Pupil 695;f;154
Pupil 696;m;185
Pupil 697;m;130
Pupil 698;m;133
Pupil 699;f;154
Pupil 700;m;141
Pupil 701;f;177
Pupil 702;f;151
Pupil 703;m;151
Pupil 704;f;168
Pupil 705;m;167
Pupil 706;m;155
Pupil 707;m;164
Pupil 708;f;167
Pupil 709;m;183
Pupil 710;m;136
Pupil 711;m;189
Pupil 712;f;178
Pupil 713;m;149
Pupil 714;f;121
Pupil 715;m;179
Pupil 716;m;178
Pupil 717;f;120
Pupil 718;f;172
Pupil 719;f;165
Pupil 720;f;165
Pupil 721;f;144
Pupil 722;m;184
Pupil 723;m;165
Pupil 724;f;164
Pupil 725;m;141
Pupil 726;f;178
Pupil 727;m;174
Pupil 728;m;167
Pupil 729;m;173
Pupil 730;f;141
Pupil 731;m;138
Pupil 732;m;151
Pupil 733;m;140
Pupil 734;f;167
Pupil 735;m;132
Pupil 736;m;166
Pupil 737;m;165
Pupil 738;m;155
Pupil 739;m;176
Pupil 740;m;150
Pupil 741;f;123
Pupil 742;m;155
Pupil 743;m;133
Pupil 744;m;139
Pupil 745;f;147
Pupil 746;m;183
Pupil 747;m;174
Pupil 748;m;170
Pupil 749;m;135
Pupil 750;m;157
Pupil 751;m;146
Pupil 752;m;153
Pupil 753;f;126
Pupil 754;m;148
Pupil 755;f;150
Pupil 756;m;132
Pupil 757;f;172
Pupil 758;f;132
Pupil 759;f;176
Pupil 760;f;127
Pupil 761;m;157
Pupil 762;f;179
Pupil 763;m;155
Pupil 764;m;146
Pupil 765;f;133
Pupil 766;f;137
Pupil 767;m;151
Pupil 768;f;127
Pupil 769;f;132
Pupil 770;m;170
Pupil 771;m;167
Pupil 772;m;167
Pupil 773;f;151
Pupil 774;m;132
Pupil 775;m;141
Pupil 776;m;183
Pupil 777;f;163
Pupil 778;f;130
Pupil 779;f;167
Pupil 780;f;132
Pupil 781;m;174
Pupil 782;m;143
Pupil 783;f;152
Pupil 784;m;174
Pupil 785;f;138
Pupil 786;m;166
Pupil 787;m;178
Pupil 788;m;183
Pupil 789;m;159
Pupil 790;m;136
Pupil 791;m;178
Pupil 792;m;152
Pupil 793;m;169
Pupil 794;f;155
Pupil 795;m;134
Pupil 796;m;183
Pupil 797;f;148
Pupil 798;f;166
Pupil 799;m;155
Pupil 800;f;148
Pupil 801;m;136
Pupil 802;m;184
Pupil 803;m;188
Pupil 804;m;152
Pupil 805;f;128
Pupil 806;m;175
Pupil 807;f;175
Pupil 808;f;137
Pupil 809;m;167
Pupil 810;m;183
Pupil 811;m;171
Pupil 812;m;141
Pupil 813;f;137
Pupil 814;m;135
Pupil 815;f;139
Pupil 816;f;130
Pupil 817;f;149
Pupil 818;f;175
Pupil 819;m;134
Pupil 820;f;138
Pupil 821;m;158
Pupil 822;f;128
Pupil 823;m;185
Pupil 824;m;163
Pupil 825;f;136
Pupil 826;m;158
Pupil 827;f;166
Pupil 828;m;170
Pupil 829;m;179
Pupil 830;m;167
Pupil 831;f;127
Pupil 832;f;164
Pupil 833;m;188
Pupil 834;m;135
Pupil 835;f;158
Pupil 836;m;130
Pupil 837;m;172
Pupil 838;f;124
Pupil 839;f;120
Pupil 840;m;177
Pupil 841;f;127
Pupil 842;f;149
Pupil 843;m;186
Pupil 844;m;166
Pupil 845;m;137
Pupil 846;f;132
Pupil 847;m;146
Pupil 848;m;168
Pupil 849;m;140
Pupil 850;f;139
Pupil 851;m;141
Pupil 852;m;163
Pupil 853;f;166
Pupil 854;m;174
Pupil 855;m;142
Pupil 856;m;167
Pupil 857;f;171
Pupil 858;m;177
Pupil 859;m;188
Pupil 860;f;148
Pupil 861;m;185
Pupil 862;f;153
Pupil 863;m;166
Pupil 864;f;167
Pupil 865;f;153
Pupil 866;m;188
Pupil 867;f;139
Pupil 868;m;145
Pupil 869;m;189
Pupil 870;f;168
Pupil 871;m;170
Pupil 872;m;184
Pupil 873;f;170
Pupil 874;m;139
Pupil 875;m;132
Pupil 876;m;163
Pupil 877;m;185
Pupil 878;f;166
Pupil 879;f;150
Pupil 880;f;158
Pupil 881;m;130
Pupil 882;f;127
Pupil 883;m;183
Pupil 884;f;138
Pupil 885;m;173
Pupil 886;m;142
Pupil 887;m;157
Pupil 888;f;133
Pupil 889;f;166
Pupil 890;m;146
Pupil 891;m;154
Pupil 892;m;134
Pupil 893;m;167
Pupil 894;f;155
Pupil 895;m;158
Pupil 896;f;155
Pupil 897;f;136
Pupil 898;m;143
Pupil 899;m;163
Pupil 900;m;133
Pupil 901;m;146
Pupil 902;m;151
Pupil 903;m;163
Pupil 904;f;134
Pupil 905;m;171
Pupil 906;m;174
Pupil 907;f;138
Pupil 908;m;163
Pupil 909;m;159
Pupil 910;m;183
Pupil 911;m;165
Pupil 912;f;166
Pupil 913;f;168
Pupil 914;m;183
Pupil 915;m;176
Pupil 916;f;151
Pupil 917;f;157
Pupil 918;m;141
Pupil 919;m;156
Pupil 920;f;168
Pupil 921;f;126
Pupil 922;f;125
Pupil 923;m;164
Pupil 924;f;121
Pupil 925;f;146
Pupil 926;f;123
Pupil 927;m;137
Pupil 928;f;143
Pupil 929;f;129
Pupil 930;f;119
Pupil 931;f;169
Pupil 932;m;159
Pupil 933;m;164
Pupil 934;m;155
Pupil 935;m;132
Pupil 936;m;170
Pupil 937;f;122
Pupil 938;m;170
Pupil 939;f;178
Pupil 940;f;131
Pupil 941;m;184
Pupil 942;m;153
Pupil 943;f;120
Pupil 944;m;136
Pupil 945;m;174
Pupil 946;m;158
Pupil 947;m;190
Pupil 948;m;135
Pupil 949;m;167
Pupil 950;f;159
Pupil 951;f;164
Pupil 952;m;174
Pupil 953;m;163
Pupil 954;m;186
Pupil 955;m;174
Pupil 956;f;154
Pupil 957;m;142
Pupil 958;m;142
Pupil 959;f;145
Pupil 960;m;145
Pupil 961;m;153
Pupil 962;f;131
Pupil 963;m;131
Pupil 964;m;174
Pupil 965;f;131
Pupil 966;f;121
Pupil 967;m;146
Pupil 968;m;190
Pupil 969;m;167
Pupil 970;f;122
Pupil 971;m;145
Pupil 972;m;167
Pupil 973;m;146
Pupil 974;m;137
Pupil 975;m;145
Pupil 976;f;173
Pupil 977;f;124
Pupil 978;f;156
Pupil 979;f;140
Pupil 980;f;149
Pupil 981;m;140
Pupil 982;m;145
Pupil 983;m;165
Pupil 984;m;140
Pupil 985;f;167
Pupil 986;f;121
Pupil 987;m;135
Pupil 988;m;143
Pupil 989;f;173
Pupil 990;m;156
Pupil 991;m;158
Pupil 992;m;144
Pupil 993;m;157
Pupil 994;m;182
Pupil 995;f;175
Pupil 996;f;174
Pupil 997;m;184
Pupil 998;m;154
Pupil 999;f;144
Pupil 1000;m;140
Pupil 1001;m;189
Pupil 1002;m;171
Pupil 1003;m;179
Pupil 1004;m;172
Pupil 1005;m;190
Pupil 1006;f;141
Pupil 1007;m;155
Pupil 1008;m;153
Pupil 1009;f;157
Pupil 1010;f;139
Pupil 1011;f;158
Pupil 1012;f;143
Pupil 1013;m;170
Pupil 1014;m;145
Pupil 1015;f;168
Pupil 1016;f;127
Pupil 1017;f;120
Pupil 1018;m;170
Pupil 1019;m;158
Pupil 1020;m;173
Pupil 1021;f;154
Pupil 1022;m;165
Pupil 1023;f;154
Pupil 1024;m;185
Pupil 1025;m;168
Pupil 1026;f;164
Pupil 1027;f;169
Pupil 1028;m;186
Pupil 1029;m;156
Pupil 1030;f;124
Pupil 1031;m;167
Pupil 1032;f;125
Pupil 1033;m;156
Pupil 1034;f;178
Pupil 1035;m;163
Pupil 1036;m;164
Pupil 1037;f;145
Pupil 1038;f;169
Pupil 1039;f;178
Pupil 1040;m;190
Pupil 1041;f;142
Pupil 1042;f;157
Pupil 1043;f;135
Pupil 1044;f;139
Pupil 1045;m;133
Pupil 1046;m;136
Pupil 1047;f;168
Pupil 1048;f;155
Pupil 1049;m;139
Pupil 1050;f;142
Pupil 1051;m;167
Pupil 1052;m;175
Pupil 1053;f;148
Pupil 1054;m;149
Pupil 1055;m;183
Pupil 1056;m;166
Pupil 1057;m;132
Pupil 1058;m;140
Pupil 1059;f;127
Pupil 1060;m;170
Pupil 1061;m;171
Pupil 1062;m;158
Pupil 1063;m;158
Pupil 1064;m;172
Pupil 1065;m;186
Pupil 1066;m;188
Pupil 1067;f;172
Pupil 1068;f;120
Pupil 1069;m;142
Pupil 1070;f;166
Pupil 1071;m;158
Pupil 1072;m;158
Pupil 1073;m;189
Pupil 1074;f;143
Pupil 1075;f;175
Pupil 1076;m;158
Pupil 1077;m;171
Pupil 1078;f;132
Pupil 1079;m;139
Pupil 1080;f;179
Pupil 1081;m;188
Pupil 1082;m;136
Pupil 1083;m;176
Pupil 1084;m;175
Pupil 1085;f;140
Pupil 1086;m;154
Pupil 1087;m;177
Pupil 1088;m;159
Pupil 1089;f;132
Pupil 1090;f;133
Pupil 1091;m;186
Pupil 1092;m;158
Pupil 1093;f;139
Pupil 1094;f;153
Pupil 1095;m;170
Pupil 1096;m;183
Pupil 1097;m;157
Pupil 1098;m;153
Pupil 1099;m;182
Pupil 1100;f;167
Pupil 1101;m;186
Pupil 1102;m;178
Pupil 1103;m;171
Pupil 1104;f;164
Pupil 1105;m;150
Pupil 1106;f;154
Pupil 1107;m;169
Pupil 1108;f;134
Pupil 1109;m;144
Pupil 1110;f;149
Pupil 1111;f;176
Pupil 1112;m;133
Pupil 1113;f;129
Pupil 1114;f;151
Pupil 1115;m;184
Pupil 1116;f;151
Pupil 1117;m;158
Pupil 1118;m;188
Pupil 1119;m;183
Pupil 1120;m;167
Pupil 1121;m;132
Pupil 1122;f;134
Pupil 1123;m;163
Pupil 1124;f;155
Pupil 1125;m;132
Pupil 1126;m;170
Pupil 1127;f;166
Pupil 1128;f;146
Pupil 1129;m;130
Pupil 1130;m;172
Pupil 1131;f;167
Pupil 1132;m;157
Pupil 1133;f;146
Pupil 1134;m;166
Pupil 1135;m;171
Pupil 1136;f;137
Pupil 1137;m;133
Pupil 1138;f;139
Pupil 1139;m;178
Pupil 1140;m;172
Pupil 1141;m;130
Pupil 1142;m;146
Pupil 1143;m;138
Pupil 1144;m;158
Pupil 1145;f;163
Pupil 1146;m;146
Pupil 1147;m;158
Pupil 1148;m;154
Pupil 1149;f;129
Pupil 1150;m;182
Pupil 1151;f;158
Pupil 1152;m;168
Pupil 1153;f;152
Pupil 1154;m;183
Pupil 1155;f;134
Pupil 1156;m;154
Pupil 1157;f;130
Pupil 1158;m;164
Pupil 1159;m;158
Pupil 1160;m;134
Pupil 1161;m;150
Pupil 1162;m;183
Pupil 1163;m;152
Pupil 1164;f;169
Pupil 1165;f;152
Pupil 1166;f;122
Pupil 1167;m;150
Pupil 1168;m;134
Pupil 1169;m;140
Pupil 1170;f;121
Pupil 1171;m;148
Pupil 1172;m;166
Pupil 1173;m;167
Pupil 1174;f;166
Pupil 1175;m;133
Pupil 1176;m;132
Pupil 1177;m;184
Pupil 1178;m;144
Pupil 1179;f;159
Pupil 1180;f;156
Pupil 1181;f;166
Pupil 1182;m;135
Pupil 1183;m;140
Pupil 1184;m;145
Pupil 1185;m;169
Pupil 1186;f;125
Pupil 1187;m;166
Pupil 1188;f;175
Pupil 1189;m;185
Pupil 1190;m;171
Pupil 1191;m;186
Pupil 1192;f;147
Pupil 1193;f;121
Pupil 1194;f;158
Pupil 1195;m;158
Pupil 1196;f;163
Pupil 1197;m;139
Pupil 1198;m;139
Pupil 1199;m;158
Pupil 1200;m;182
Pupil 1201;f;153
Pupil 1202;m;158
Pupil 1203;f;138
Pupil 1204;f;173
Pupil 1205;f;164
Pupil 1206;m;184
Pupil 1207;m;175
Pupil 1208;m;175
Pupil 1209;m;163
Pupil 1210;f;172
Pupil 1211;f;175
Pupil 1212;f;136
Pupil 1213;m;183
Pupil 1214;m;182
Pupil 1215;f;136
Pupil 1216;f;170
Pupil 1217;m;188
Pupil 1218;f;164
Pupil 1219;m;131
Pupil 1220;f;146
Pupil 1221;m;132
Pupil 1222;f;142
Pupil 1223;m;132
Pupil 1224;m;188
Pupil 1225;f;132
Pupil 1226;f;141
Pupil 1227;m;139
Pupil 1228;f;167
Pupil 1229;m;142
Pupil 1230;m;168
Pupil 1231;m;148
Pupil 1232;f;169
Pupil 1233;m;166
Pupil 1234;m;146
Pupil 1235;f;124
Pupil 1236;f;132
Pupil 1237;m;158
Pupil 1238;f;173
Pupil 1239;f;131
Pupil 1240;f;140
Pupil 1241;m;138
Pupil 1242;m;136
Pupil 1243;m;149
Pupil 1244;m;141
Pupil 1245;f;123
Pupil 1246;m;140
Pupil 1247;m;143
Pupil 1248;m;159
Pupil 1249;m;174
Pupil 1250;m;172
Pupil 1251;m;186
Pupil 1252;m;158
Pupil 1253;f;176
Pupil 1254;m;170
Pupil 1255;f;127
Pupil 1256;m;182
Pupil 1257;m;177
Pupil 1258;f;126
Pupil 1259;f;126
Pupil 1260;f;124
Pupil 1261;m;172
Pupil 1262;m;190
Pupil 1263;m;152
Pupil 1264;f;136
Pupil 1265;m;146
Pupil 1266;m;150
Pupil 1267;m;176
Pupil 1268;m;185
Pupil 1269;f;133
Pupil 1270;f;124
Pupil 1271;m;189
Pupil 1272;m;150
Pupil 1273;m;141
Pupil 1274;f;126
Pupil 1275;f;135
Pupil 1276;m;165
Pupil 1277;f;145
Pupil 1278;f;177
Pupil 1279;m;155
Pupil 1280;f;151
Pupil 1281;f;138
Pupil 1282;f;156
Pupil 1283;f;158
Pupil 1284;f;171
Pupil 1285;f;132
Pupil 1286;f;144
Pupil 1287;f;168
Pupil 1288;m;143
Pupil 1289;m;130
Pupil 1290;m;163
Pupil 1291;m;130
Pupil 1292;m;157
Pupil 1293;m;169
Pupil 1294;f;172
Pupil 1295;f;126
Pupil 1296;m;145
Pupil 1297;m;173
Pupil 1298;f;154
Pupil 1299;m;153
Pupil 1300;m;144
Pupil 1301;f;125
Pupil 1302;m;159
Pupil 1303;m;167
Pupil 1304;m;147
Pupil 1305;f;120
Pupil 1306;m;136
Pupil 1307;m;164
Pupil 1308;m;182
Pupil 1309;m;142
Pupil 1310;f;144
Pupil 1311;m;164
Pupil 1312;m;176
Pupil 1313;f;142
Pupil 1314;m;182
Pupil 1315;m;140
Pupil 1316;m;132
Pupil 1317;f;158
Pupil 1318;f;176
Pupil 1319;f;149
Pupil 1320;m;182
Pupil 1321;f;167
Pupil 1322;m;137
Pupil 1323;f;169
Pupil 1324;m;148
Pupil 1325;m;134
Pupil 1326;f;163
Pupil 1327;f;178
Pupil 1328;m;185
Pupil 1329;f;156
Pupil 1330;f;174
Pupil 1331;m;157
Pupil 1332;m;163
Pupil 1333;m;166
Pupil 1334;m;171
Pupil 1335;m;163
Pupil 1336;m;183
Pupil 1337;m;152
Pupil 1338;f;178
Pupil 1339;m;144
Pupil 1340;m;157
Pupil 1341;m;133
Pupil 1342;f;143
Pupil 1343;f;151
Pupil 1344;m;189
Pupil 1345;f;140
Pupil 1346;f;141
Pupil 1347;f;179
Pupil 1348;m;182
Pupil 1349;m;190
Pupil 1350;m;150
Pupil 1351;f;129
Pupil 1352;f;136
Pupil 1353;m;140
Pupil 1354;m;183
Pupil 1355;m;174
Pupil 1356;m;182
Pupil 1357;f;179
Pupil 1358;f;137
Pupil 1359;m;175
Pupil 1360;m;157
Pupil 1361;m;158
Pupil 1362;f;127
Pupil 1363;m;188
Pupil 1364;m;150
Pupil 1365;m;150
Pupil 1366;f;126
Pupil 1367;f;138
Pupil 1368;m;179
Pupil 1369;f;141
Pupil 1370;m;135
Pupil 1371;m;177
Pupil 1372;f;153
Pupil 1373;f;121
Pupil 1374;m;171
Pupil 1375;f;149
Pupil 1376;f;124
Pupil 1377;m;158
Pupil 1378;m;158
Pupil 1379;m;149
Pupil 1380;m;177
Pupil 1381;m;158
Pupil 1382;f;124
Pupil 1383;f;150
Pupil 1384;m;171
Pupil 1385;f;167
Pupil 1386;m;167
Pupil 1387;m;166
Pupil 1388;f;171
Pupil 1389;f;146
Pupil 1390;m;147
Pupil 1391;f;172
Pupil 1392;m;148
Pupil 1393;f;126
Pupil 1394;m;154
Pupil 1395;f;126
Pupil 1396;f;155
Pupil 1397;m;151
Pupil 1398;m;147
Pupil 1399;m;148
Pupil 1400;m;168
Pupil 1401;f;157
Pupil 1402;m;135
Pupil 1403;m;170
Pupil 1404;m;184
Pupil 1405;m;139
Pupil 1406;f;138
Pupil 1407;f;176
Pupil 1408;f;155
Pupil 1409;f;145
Pupil 1410;m;177
Pupil 1411;m;133
Pupil 1412;f;126
Pupil 1413;m;131
Pupil 1414;m;142
Pupil 1415;f;123
Pupil 1416;m;131
Pupil 1417;f;130
Pupil 1418;m;154
Pupil 1419;f;177
Pupil 1420;m;133
Pupil 1421;m;147
Pupil 1422;m;177
Pupil 1423;m;166
Pupil 1424;m;142
Pupil 1425;f;166
Pupil 1426;f;125
Pupil 1427;m;145
Pupil 1428;m;173
Pupil 1429;m;137
Pupil 1430;f;119
Pupil 1431;m;147
Pupil 1432;f;140
Pupil 1433;m;158
Pupil 1434;m;170
Pupil 1435;f;165
Pupil 1436;m;164
Pupil 1437;m;145
Pupil 1438;m;183
Pupil 1439;m;169
Pupil 1440;m;187
Pupil 1441;f;135
Pupil 1442;m;144
Pupil 1443;m;189
Pupil 1444;f;170
Pupil 1445;f;163
Pupil 1446;m;132
Pupil 1447;m;144
Pupil 1448;m;179
Pupil 1449;f;139
Pupil 1450;m;174
Pupil 1451;m;149
Pupil 1452;f;169
Pupil 1453;m;164
Pupil 1454;m;190
Pupil 1455;m;138
Pupil 1456;f;139
Pupil 1457;m;137
Pupil 1458;m;136
Pupil 1459;f;154
Pupil 1460;f;173
Pupil 1461;f;168
Pupil 1462;m;153
Pupil 1463;m;188
Pupil 1464;m;134
Pupil 1465;f;148
Pupil 1466;m;133
Pupil 1467;m;182
Pupil 1468;m;179
Pupil 1469;m;168
Pupil 1470;m;172
Pupil 1471;m;170
Pupil 1472;m;179
Pupil 1473;m;132
Pupil 1474;f;165
Pupil 1475;m;166
Pupil 1476;m;167
Pupil 1477;f;176
Pupil 1478;f;144
Pupil 1479;m;164
Pupil 1480;m;142
Pupil 1481;f;122
Pupil 1482;m;139
Pupil 1483;m;157
Pupil 1484;m;157
Pupil 1485;f;121
Pupil 1486;m;170
Pupil 1487;f;144
Pupil 1488;f;135
Pupil 1489;m;171
Pupil 1490;f;169
Pupil 1491;m;133
Pupil 1492;m;138
Pupil 1493;m;138
Pupil 1494;m;149
Pupil 1495;f;131
Pupil 1496;m;185
Pupil 1497;f;169
Pupil 1498;m;142
Pupil 1499;m;138
Pupil 1500;f;165
Pupil 1501;m;185
Pupil 1502;m;158
Pupil 1503;f;152
Pupil 1504;m;158
Pupil 1505;f;174
Pupil 1506;f;134
Pupil 1507;m;167
Pupil 1508;f;129
Pupil 1509;f;129
Pupil 1510;m;141
Pupil 1511;f;175
Pupil 1512;m;186
Pupil 1513;f;138
Pupil 1514;f;132
Pupil 1515;f;146
Pupil 1516;f;123
Pupil 1517;m;166
Pupil 1518;m;169
Pupil 1519;m;178
Pupil 1520;f;135
Pupil 1521;m;143
Pupil 1522;f;140
Pupil 1523;f;133
Pupil 1524;f;147
Pupil 1525;m;178
Pupil 1526;m;152
Pupil 1527;m;163
Pupil 1528;m;166
Pupil 1529;f;139
Pupil 1530;m;138
Pupil 1531;f;150
Pupil 1532;f;132
Pupil 1533;m;166
Pupil 1534;m;158
Pupil 1535;m;186
Pupil 1536;f;133
Pupil 1537;f;144
Pupil 1538;m;148
Pupil 1539;f;155
Pupil 1540;m;149
Pupil 1541;f;163
Pupil 1542;m;173
Pupil 1543;m;149
Pupil 1544;m;146
Pupil 1545;f;173
Pupil 1546;m;185
Pupil 1547;m;185
Pupil 1548;f;167
Pupil 1549;m;183
Pupil 1550;m;165
Pupil 1551;m;170
Pupil 1552;m;141
Pupil 1553;m;165
Pupil 1554;f;158
Pupil 1555;f;124
Pupil 1556;m;133
Pupil 1557;m;145
Pupil 1558;f;134
Pupil 1559;f;148
Pupil 1560;f;119
Pupil 1561;f;122
Pupil 1562;f;124
Pupil 1563;m;136
Pupil 1564;m;156
Pupil 1565;m;132
Pupil 1566;m;159
Pupil 1567;m;136
Pupil 1568;m;166
Pupil 1569;m;186
Pupil 1570;m;157
Pupil 1571;m;152
Pupil 1572;f;158
Pupil 1573;m;183
Pupil 1574;f;140
Pupil 1575;m;158
Pupil 1576;m;133
Pupil 1577;f;152
Pupil 1578;m;143
Pupil 1579;m;156
Pupil 1580;m;142
Pupil 1581;f;147
Pupil 1582;m;155
Pupil 1583;f;155
Pupil 1584;m;177
Pupil 1585;f;174
Pupil 1586;m;170
Pupil 1587;m;173
Pupil 1588;m;157
Pupil 1589;m;139
Pupil 1590;m;171
Pupil 1591;f;176
Pupil 1592;m;155
Pupil 1593;f;169
Pupil 1594;m;172
Pupil 1595;m;184
Pupil 1596;m;133
Pupil 1597;m;183
Pupil 1598;m;164
Pupil 1599;f;155
Pupil 1600;m;165
Pupil 1601;m;185
Pupil 1602;m;168
Pupil 1603;m;183
Pupil 1604;f;141
Pupil 1605;m;147
Pupil 1606;m;165
Pupil 1607;m;182
Pupil 1608;f;151
Pupil 1609;m;167
Pupil 1610;m;163
Pupil 1611;m;154
Pupil 1612;m;167
Pupil 1613;f;173
Pupil 1614;f;171
Pupil 1615;m;167
Pupil 1616;m;158
Pupil 1617;m;167
Pupil 1618;m;147
Pupil 1619;m;157
Pupil 1620;m;170
Pupil 1621;m;141
Pupil 1622;m;187
Pupil 1623;m;168
Pupil 1624;m;175
Pupil 1625;m;135
Pupil 1626;m;158
Pupil 1627;m;183
Pupil 1628;m;166
Pupil 1629;f;128
Pupil 1630;f;138
Pupil 1631;m;151
Pupil 1632;m;158
Pupil 1633;m;134
Pupil 1634;m;147
Pupil 1635;m;153
Pupil 1636;m;152
Pupil 1637;f;146
Pupil 1638;f;174
Pupil 1639;m;158
Pupil 1640;f;153
Pupil 1641;m;151
Pupil 1642;m;136
Pupil 1643;f;152
Pupil 1644;f;168
Pupil 1645;f;147
Pupil 1646;f;126
Pupil 1647;f;132
Pupil 1648;m;135
Pupil 1649;m;136
Pupil 1650;f;167
Pupil 1651;m;153
Pupil 1652;f;139
Pupil 1653;m;151
Pupil 1654;m;175
Pupil 1655;m;166
Pupil 1656;m;150
Pupil 1657;f;150
Pupil 1658;m;132
Pupil 1659;f;166
Pupil 1660;m;163
Pupil 1661;m;166
Pupil 1662;f;176
Pupil 1663;m;176
Pupil 1664;f;177
Pupil 1665;f;172
Pupil 1666;m;141
Pupil 1667;m;158
Pupil 1668;m;185
Pupil 1669;f;120
Pupil 1670;m;183
Pupil 1671;m;154
Pupil 1672;m;142
Pupil 1673;m;152
Pupil 1674;f;168
Pupil 1675;f;175
Pupil 1676;f;163
Pupil 1677;m;158
Pupil 1678;m;147
Pupil 1679;m;156
Pupil 1680;m;186
Pupil 1681;f;167
Pupil 1682;f;157
Pupil 1683;m;153
Pupil 1684;m;185
Pupil 1685;m;190
Pupil 1686;m;170
Pupil 1687;f;122
Pupil 1688;m;187
Pupil 1689;f;153
Pupil 1690;f;175
Pupil 1691;f;126
Pupil 1692;m;183
Pupil 1693;m;178
Pupil 1694;m;132
Pupil 1695;m;174
Pupil 1696;m;185
Pupil 1697;m;165
Pupil 1698;f;139
Pupil 1699;f;149
Pupil 1700;m;133
Pupil 1701;m;188
Pupil 1702;m;176
Pupil 1703;f;177
Pupil 1704;m;142
Pupil 1705;f;123
Pupil 1706;f;130
Pupil 1707;m;143
Pupil 1708;m;147
Pupil 1709;m;186
Pupil 1710;f;123
Pupil 1711;f;132
Pupil 1712;m;186
Pupil 1713;f;158
Pupil 1714;m;177
Pupil 1715;f;171
Pupil 1716;f;169
Pupil 1717;m;189
Pupil 1718;m;137
Pupil 1719;m;175
Pupil 1720;m;134
Pupil 1721;f;140
Pupil 1722;m;158
Pupil 1723;f;143
Pupil 1724;f;124
Pupil 1725;f;159
Pupil 1726;m;171
Pupil 1727;f;152
Pupil 1728;m;172
Pupil 1729;f;173
Pupil 1730;m;174
Pupil 1731;f;168
Pupil 1732;f;171
Pupil 1733;m;150
Pupil 1734;m;133
Pupil 1735;f;144
Pupil 1736;m;157
Pupil 1737;m;134
Pupil 1738;m;163
Pupil 1739;f;179
Pupil 1740;f;165
Pupil 1741;m;173
Pupil 1742;m;147
Pupil 1743;f;122
Pupil 1744;m;132
Pupil 1745;f;122
Pupil 1746;m;183
Pupil 1747;f;157
Pupil 1748;f;158
Pupil 1749;m;169
Pupil 1750;m;179
Pupil 1751;m;151
Pupil 1752;m;135
Pupil 1753;f;132
Pupil 1754;m;168
Pupil 1755;f;167
Pupil 1756;m;170
Pupil 1757;f;134
Pupil 1758;f;119
Pupil 1759;m;187
Pupil 1760;f;170
Pupil 1761;f;172
Pupil 1762;m;166
Pupil 1763;m;175
Pupil 1764;m;182
Pupil 1765;m;142
Pupil 1766;f;167
Pupil 1767;m;167
Pupil 1768;m;150
Pupil 1769;m;168
Pupil 1770;m;183
Pupil 1771;m;173
Pupil 1772;f;132
Pupil 1773;f;156
Pupil 1774;f;143
Pupil 1775;m;151
Pupil 1776;m;175
Pupil 1777;f;128
Pupil 1778;f;126
Pupil 1779;f;166
Pupil 1780;m;134
Pupil 1781;m;146
Pupil 1782;m;165
Pupil 1783;f;154
Pupil 1784;f;155
Pupil 1785;f;138
Pupil 1786;m;159
Pupil 1787;m;130
Pupil 1788;m;143
Pupil 1789;m;156
Pupil 1790;f;128
Pupil 1791;f;135
Pupil 1792;m;168
Pupil 1793;f;153
Pupil 1794;f;148
Pupil 1795;m;145
Pupil 1796;f;167
Pupil 1797;m;148
Pupil 1798;f;150
Pupil 1799;f;171
Pupil 1800;m;155
Pupil 1801;m;133
Pupil 1802;m;132
Pupil 1803;m;140
Pupil 1804;f;127
Pupil 1805;m;132
Pupil 1806;m;134
Pupil 1807;m;167
Pupil 1808;f;166
Pupil 1809;f;175
Pupil 1810;m;168
Pupil 1811;m;135
Pupil 1812;f;149
Pupil 1813;m;171
Pupil 1814;m;130
Pupil 1815;m;133
Pupil 1816;m;159
Pupil 1817;m;165
Pupil 1818;f;135
Pupil 1819;m;165
Pupil 1820;m;133
Pupil 1821;f;171
Pupil 1822;f;179
Pupil 1823;f;138
Pupil 1824;m;153
Pupil 1825;f;123
Pupil 1826;m;142
Pupil 1827;f;122
Pupil 1828;f;122
Pupil 1829;m;146
Pupil 1830;f;175
Pupil 1831;f;129
Pupil 1832;m;177
Pupil 1833;m;141
Pupil 1834;m;179
Pupil 1835;f;155
Pupil 1836;m;131
Pupil 1837;f;143
Pupil 1838;m;183
Pupil 1839;m;146
Pupil 1840;m;163
Pupil 1841;m;130
Pupil 1842;m;165
Pupil 1843;m;177
Pupil 1844;m;170
Pupil 1845;f;171
Pupil 1846;m;137
Pupil 1847;m;139
Pupil 1848;m;146
Pupil 1849;m;189
Pupil 1850;f;166
Pupil 1851;f;151
Pupil 1852;m;190
Pupil 1853;f;138
Pupil 1854;f;169
Pupil 1855;m;154
Pupil 1856;f;176
Pupil 1857;m;187
Pupil 1858;m;184
Pupil 1859;m;169
Pupil 1860;f;155
Pupil 1861;m;136
Pupil 1862;m;138
Pupil 1863;m;144
Pupil 1864;m;159
Pupil 1865;f;166
Pupil 1866;f;172
Pupil 1867;f;166
Pupil 1868;m;178
Pupil 1869;m;170
Pupil 1870;m;166
Pupil 1871;m;188
Pupil 1872;m;134
Pupil 1873;f;152
Pupil 1874;m;133
Pupil 1875;f;146
Pupil 1876;m;145
Pupil 1877;m;168
Pupil 1878;m;136
Pupil 1879;m;134
Pupil 1880;f;135
Pupil 1881;m;166
Pupil 1882;f;152
Pupil 1883;f;144
Pupil 1884;m;136
Pupil 1885;m;177
Pupil 1886;m;140
Pupil 1887;m;157
Pupil 1888;m;172
Pupil 1889;m;164
Pupil 1890;m;145
Pupil 1891;m;165
Pupil 1892;m;134
Pupil 1893;m;152
Pupil 1894;m;172
Pupil 1895;m;183
Pupil 1896;m;132
Pupil 1897;m;163
Pupil 1898;m;179
Pupil 1899;m;154
Pupil 1900;m;153
Pupil 1901;m;178
Pupil 1902;m;189
Pupil 1903;f;174
Pupil 1904;m;141
Pupil 1905;m;167
Pupil 1906;m;164
Pupil 1907;f;129
Pupil 1908;f;166
Pupil 1909;m;138
Pupil 1910;m;132
Pupil 1911;m;153
Pupil 1912;m;183
Pupil 1913;m;188
Pupil 1914;f;129
Pupil 1915;m;152
Pupil 1916;m;171
Pupil 1917;m;132
Pupil 1918;m;164
Pupil 1919;m;132
Pupil 1920;m;154
Pupil 1921;m;146
Pupil 1922;f;131
Pupil 1923;m;148
Pupil 1924;m;170
Pupil 1925;m;171
Pupil 1926;f;168
Pupil 1927;f;167
Pupil 1928;m;130
Pupil 1929;m;171
Pupil 1930;m;135
Pupil 1931;m;141
Pupil 1932;m;149
Pupil 1933;f;137
Pupil 1934;f;145
Pupil 1935;m;151
Pupil 1936;m;154
Pupil 1937;f;152
Pupil 1938;f;166
Pupil 1939;f;150
Pupil 1940;m;166
Pupil 1941;f;158
Pupil 1942;m;152
Pupil 1943;m;152
Pupil 1944;f;153
Pupil 1945;f;123
Pupil 1946;f;149
Pupil 1947;m;132
Pupil 1948;m;176
Pupil 1949;m;167
Pupil 1950;m;152
Pupil 1951;f;163
Pupil 1952;f;177
Pupil 1953;m;172
Pupil 1954;m;130
Pupil 1955;m;155
Pupil 1956;m;172
Pupil 1957;f;122
Pupil 1958;f;177
Pupil 1959;m;136
Pupil 1960;f;134
Pupil 1961;f;177
Pupil 1962;m;189
Pupil 1963;m;140
Pupil 1964;f;131
Pupil 1965;m;165
Pupil 1966;m;146
Pupil 1967;m;143
Pupil 1968;m;149
Pupil 1969;f;130
Pupil 1970;m;186
Pupil 1971;m;142
Pupil 1972;m;175
Pupil 1973;f;177
Pupil 1974;f;179
Pupil 1975;m;155
Pupil 1976;f;147
Pupil 1977;m;169
Pupil 1978;m;186
Pupil 1979;m;146
Pupil 1980;m;137
Pupil 1981;m;171
Pupil 1982;m;168
Pupil 1983;m;168
Pupil 1984;f;136
Pupil 1985;f;136
Pupil 1986;m;189
Pupil 1987;m;173
Pupil 1988;m;171
Pupil 1989;f;136
Pupil 1990;f;130
Pupil 1991;f;131
Pupil 1992;m;168
Pupil 1993;m;189
Pupil 1994;m;149
Pupil 1995;m;170
Pupil 1996;m;134
Pupil 1997;f;156
Pupil 1998;m;155
Pupil 1999;f;172
Pupil 2000;f;146
